apk_name,decompile_jar,decompile_java
Gmail-2023.07.23.553967039.Release,,
Google_Drive,,
Google-Photos-6.41.0.541035708,,
Snapchat-500003.0.1,,
Samsung-Email-6.1.82.0,,
SHAREit-6.33.78_AC,,
File-Manager-V1-210568,,
Samsung-My-Files-14.1.03.16,,
Microsoft OneDrive_6.93,,
Dropbox-330.2.2,,
Samsung-Gallery-14.1.04.2,,
Skype_8.98.0.412,,
Files-by-Google-1.522.533786359,,
AI-Gallery-4.8.5.92,,
LINE_13.13.2_apkcombo.com,,
File-Manager-2.3.0.39,,
Outlook-4.2330.0,,
Gmail-2022.10.10.480125827.Release,,
B612-12.1.10,,
Gallery-1.9.0.473991075-release,,
Xender-13.0.0.Prime,,
VSCO-323,,
File-Commander-8.14.47332,,
PhotoGrid-8.54,,
Z-Camera---Photo-Editor--Beauty-Selfie--Collage-4.60,,
ASUS-File-Manager-2.8.0.85_230220,,
ZArchiver-1.0.7,,
HD-Camera-1.3.9,,
S-Photo-Editor-2.65,,
MEGA-8.2-231502126--f74e141226-,,
RAR-2020.03.27,,
File-Manager-3.1.5,,
SNOW-12.1.1,,
Yahoo-Mail-7.21.1,,
CandyCamera-6.0.89-play,,
Lightroom-8.3.2,,
Snapseed-2.20.0.527643230,,
Remini-3.7.208.202195110,,
Calculator-Lock-3.5.17.4,,
Photoshop-Express-9.2.57,,
Polish-1.444.145,,
Mail.ru-14.78.0.43300,,
PixelLab-2.1.1,,
SHAREit-Lite-3.6.38,,
BeautyPlus-7.6.021,,
Cymera-4.4.2,,
Retrica-7.4.7,,
YouCam-Perfect-5.82.1,,
YouCam-Makeup-6.8.2,,
ASTRO-8.12.0,,
BeautyCam-11.6.00,,
Photo-Lock-App---Hide-Pictures-92.0,,
HideU--Calculator-Lock-2.1.9.1,,
HD-Camera-1.14.4,,
OnePlus-File-Manager-13.10.4,,
Pixlr-3.4.66,,
Square-InPic---Photo-Editor-&-4.2.20,,
Amazon Photos_2.10.0.494.0,,
PhotoDirector--AI-Photo-Editor-17.9.0,,
Meitu-9.8.6.5,,
Keepsafe-12.0.2,,
HD-Camera-for-Android-6.1.3.0,,
Open-Camera-1.51.1,,
Photo-&-Picture-Resizer-1.0.321,,
Timestamp-Camera-1.218,,
Foodie---Camera-4.4.40,,
Cx-File-Explorer-1.9.9,,
Solid-Explorer-2.8.34,,
Box_6.16.8,,
AndroZip‚Ñ¢-FREE-File-Manager-4.7.4,,
Silent-Camera-[High-Quality]-8.6.8,,
File-Manager-File-Explorer-1.20.5-418-,,
X-plore-4.31.03,,
File-Manager-3.0.11-20200302_134927-,,
Gallery-3.9.1,,
Fisheye-Lens-Pro-2.0.2,,
Photo-Gallery-&-Album-3.6.0,,
HD-Camera---Filter-Cam-Editor-2.8.3,,
Total-Commander-3.42d,,
Professional-HD-Camera-1.3.7,,
Color-Camera---Kawaii-Photo-Beauty-Plus-Cam-3.7.8,,
RS-File-2.0.2,,
Beauty-Camera--Selfie--Sticker-3.2.5,,
BeFunky-7.1.11,,
ProCam-X---Lite--HD-Camera-Pro-1.11,,
1998-Cam---Vintage-Camera-1.8.8,,
Photo-Gallery-3D-&-HD-5.3.1,,
Collage-Maker---Photo-Editor-1.6.0,,
Gallery---Photo-Gallery-App-1.6.5,,
HD-Camera-45.44,,
S-Collage-Photo-Editor---Cutout--Filter--Sticker-1.37,,
Face-Swap-6.2.2,,
Thug-Life-Sticker-Pic-Editor-4.5.466,,
Beauty-Camera---Selfie-Camera-2.6.7,,
Camera-iphone-14---OS15-Camera-2.0.121,,
Presets-for-Lightroom---FLTR-4.10.5,,
Beauty-Camera---Selfie-Camera-4.0.5,,
Image-Editor-5.2.b196,,
AfterFocus-2.1.0,,
Photo-Gallery---Album--Vault-2.9.1,,
Kuji-Cam-2.23.5,,
HD-Camera--Video-Filter-Editor-2.6.1,,
KakaoTalk-Cheez-4.4.1,,
Footej-Camera---PRO-HD-Camera-1.1.9,,
HD-Camera---Quick-Snap-Photo-2.2.0,,
Compress-image-size-in-kb-&-mb-10,,
Selfie-Camera---Beauty-Camera-4.0.6,,
Beauty-Selfie-Camera---Papaya-1.7.2,,
Photobucket---Save-Print-Share-6.2.02,,
Cameringo-Lite.-Filters-Camera-3.0.0,,
HD-Zoom-Camera-7.2,,
Gallery-v8.5.0.0.G050.0,,
Photo-Grid---Photo-Editor-&-Video-Collage-Maker-8.55,,
Photo-Editor-Pro-‚Äì-Sticker--Filter--Collage-Maker-1.8.7.1044,,
Camera-FV-5-Lite-5.3.3,,
BeReal-1.4.5,,
QuickPic-5.0.0,,
Gallery--Hide-Photos-&-Videos-1.0.70,,
Clock-Vault-Hide-Photos-Videos-29.0,,
Calculator---photo-vault-10.7.1,,
Beauty-Camera-with-PhotoEditor-4.0.7,,
Calculator---Hide-Photo--Video-1.78,,
Hide-Pictures-with-LockMyPix-5.2.5.1-P3-Gemini,,
Gallery-Vault-4.2.9,,
Gallery---picture-gallery-5.5.1,,
Private-Photo-Vault-3.4.13,,
A--Gallery---Photos-&-Videos-2.2.66.2,,
MOLDIV-3.4.4,,
Vaulty-23.07.40-release,,
Photo--Video-Locker-Calculator-23.0,,
SODA-Camera-7.0.0,,
Calculator-Lock-Hide-App-Photo-3.51,,
Calculator-Lock-Calculator-App-2.8.8,,
Calculator---Photo-Vault-&-Vid-3.2.1,,
Polarr-6.7.8,,
Photo-Editor-Pro-3.16.1,,
Candy-Gallery-v8.0.0.031,,
Calc-Box---Photo-video-locker--28.0,,
Face-Warp-3.2.2,,
Lightleap-by-Lightricks-1.4.0.1,,
Flickr-4.11.2,,
GPS-Map-Camera-1.4.14,,
Camera-ZOOM-FX-6.3.0,,
Camera-for-Android-5.7.3,,
Email-Blue-Mail---Calendar-1.9.20,,
myMail-14.78.0.43300,,
Simple-Gallery-5.5.6,,
Email-App-14.78.0.43300,,
Wondershare-PowerCam-3.1.9.210422,,
LightX-Photo-Editor-&-Effects-2.2.0,,
Yandex Mail_8.60.3,,
One-S10-Camera--Galaxy-S10-cam-5.7,,
Bluetooth-File-Transfer-5.666-üî•,,
Vertical-Gallery-1.8.1,,
PREQUEL-1.63.1,,
PICNIC-3.1.4.1,,
Share-All---Files-Sharing-1.0.50,,
Gallery--Photo-Album-&-Gallery-2.7.1,,
Timestamp-camera-1.7.12,,
Selfie-Camera-for-iPhone-13-1.0.9,,
HD-Camera---Beauty-Cam-Filters-5.0.1,,
Beauty-Camera-X--Selfie-Camera-8.8,,
Selfie-Camera-for-iPhone-13-1.5.5,,
HD-Camera-for-Android--4K-Cam-2.6.1,,
Libero-Mail-20.5.3,,
Photo-Window--Animated-Effects-2.0.3,,
Pro-3D-Magic-Gallery-2.4,,
Remove-BG-1.5.6-2,,
Proton-Mail-3.0.16,,
K-9-Mail-6.708,,
Cinema-FV-5-Lite-1.33,,
Email---Fast-&-Secure-Mail-1.48.20,,
Files-6.1,,
File-Transfer-4.0.1,,
S22-Ultra-Camera---Galaxy-4k-3.3.1,,
Gallery---Vault-&-Recycle-Bin-2.0.18,,
Photo-Editor-PRO-1.45,,
Galleryit---Photo-Vault--Album-1.1.0.1,,
HD-Camera-2023-for-Android-1.9.1,,
Beauty-Camera-V-Camera--Editor-3.2.5,,
HD-Camera---Filter-Beauty-Cam-2.6.1,,
Gallery-Latest-2023-313.4,,
FOTO-Gallery-4.00.29,,
Selfie-Camera-with-AR-Stickers-1.3.3,,
Photo-Retouch-Object-Removal-4.4.3.8,,
500px-‚Äì-Photography-Community-7.6.0.0,,
HD-Camera-for-Android--XCamera-1.0.17.30,,
VASE-CAMERA--IRIS-PHOTO-EDITOR-5.02,,
HD-Camera-Pro-&-Selfie-Camera-3.2.0,,
Photo-Gallery-&-Album-Editor-3.3.0,,
HDR-Camera-2.44,,
GPS-Map-Camera-Lite-1.3.26,,
Photo-Editor-for-Android‚Ñ¢-5.1,,
A-Better-Camera-3.52,,
Z-Beauty-Camera-1.35,,
HD-Camera-iphone-Beauty-Camera-1.8.2,,
Best-Camera-HD-3.2,,
Camera-for-Android---HD-Camera-1.6.1,,
Silent-Video-Camera-[High-Qual-7.6.0,,
Gallery-6.8,,
One-HW-Camera--Mate30--P30-cam-4.2,,
Camera-for-Android---HD-Camera-1.5.2,,
Camera---HD-Camera-for-Android-1.0.8,,
HD-Camera-1.2.1,,
PhotoStamp-Camera-2.0.9,,
3Q-Album-photo-organizer--5.0.0,,
Cool-Mi-Camera--MIUI-12-Camera-4.5,,
One-S20-Camera--beauty-selfie-2.9,,
Professional-Camera-1.66,,
HD-Camera-for-Android-2023-1.8,,
Bluetooth-Files-Transfer-6.2.902,,
Photobox---Photo-Books--Prints-116,,
Filemail---Send-Large-Files-4.3.3,,
Beauty-Camera---Selfie-Camera-1.8.1,,
ReLens_2.5.2,,
Selfie-Camera---Beauty-Camera-1.7.1,,
HD-Camera-2023-128,,
Photo-Gallery-&-Album-Pictures-2.8.1,,
Gallery---Photo-collections-5.0,,
DSLR-Camera-Photo-Video-Editor-8.0,,
Gallery-17.8,,
Photo-Gallery-&-Video-Gallery-2.2.5,,
FIMO---Analog-Camera-3.11.0,,
Smart-Gallery---Photo-Manager-2.1.24,,
Love-Photo-Frames-9.4,,
PhotoSync-‚Äì-Transfer-Photos-4.0.7,,
Cool-S20-Camera-Galaxy-S20-cam-3.1,,
Cool-OS13-Camera---i-OS13-cam-4.3,,
Gallery---photo-gallery--album-1.1.2,,
Spark-Email-3.3.4,,
LightCam-7.3,,
Simple-File-Manager-5.3.3,,
Quickpic-Gallery-0.0.23,,
Piktures-Gallery--Photo--Video-2.11,,
File-Manager---File-Explorer-2.3,,
Amaze-3.8.5,,
AnExplorer TV File Manager_5.2.2,,
HD-Camera---silent-shutter-2.3.5,,
Photo-Album--Image-Gallery-&-E-2.5,,
Photo-Gallery-3.1,,
File Manager_1.4.2.4,,
3D-Photo--Video-Gallery-Editor-1.6,,
pCloud_3.18.0,,
VASE-CAMERA-TULIP-PHOTO-EDITOR-2.02,,
HD-Camera-1.32.1,,
Pomelo-Camera-‚Äì-Photo-editor-&-3.0.213,,
Manual-Camera-DSLR--Lite--1.12,,
AngleCam-Lite---Angular-Camera-5.14,,
Camera-ICS-1.7.0,,
Super-ZOOM-HD-Camera-3.2,,
Simple-Camera-5.6.2,,
F-Stop-Gallery-5.5.75,,
Gallery--Photo-Album-Organizer-2.4.8,,
Cool-Photo-Editor--Camera-4.5,,
MiX-Camera-for-Mi-Camera-7.3,,
Shot-On-Stamp-Photo-Camera-1.6,,
Camera-One--Wear--Galaxy-Watch-176,,
mail.com--Secure-mail-&-inbox-7.31,,
Gallery--Photo-Collage-Maker-4.0,,
Sellury---Product-photo-&-Loan-1.18.1,,
Gallery---Photo-Gallery--Vault-5.0,,
Colorize-Images-4.0.36,,
Selfie-Camera-iphone-13-1.0.9,,
Camera-for-Galaxy-S23-Ultra-1.2,,
Ghost-Commander-File-Manager-1.62.3,,
Fast-Burst-Camera-Lite-8.0.8,,
LogoLicious-Add-Your-Logo-App-2022.07.14.1,,
Calculator-Lock---Photo-Vault-1.0.8.2,,
iGallery-OS-16---Photo-Editor-16.2.1,,
HD-Camera-1.0.0O,,
Professional-HD-Camera-1.43,,
Pixabay-1.2.15.1,,
InstaCam---Camera-for-Selfie-1.43,,
HD-Camera-1.66,,
Calculator-Lock---App-Lock-2.2.1,,
Photoshop-Camera-Photo-Filters-1.4.2,,
GuruShots---Photography-5.25.13,,
LD-Photo-Editor-4.14.2,,
Photo-Vault-PRIVARY-Ultra-Safe-3.2.2.3-Lancelot,,
Carousel---Dropbox-Photos-1.15.3,,
Selfie-Camera-HD-22.05.14,,
Crop-n'-Square---Easy-crop-images-into-a-square-2.0.17,,
Redmi-9C-Camera-‚Äì-Xiaomi-Mi-Camera-1.0,,
Everfilter-1.1.4,,
Camera-for-REDMI-K20-PRO-1.1,,
Photo-Gallery--Fish-Bowl--0.3.10,,
Gallery---Album--Photo-Vault-1.4.5,,
Gallery-Pro-1.7,,
Snap-Camera-HDR---Trial-8.7.8,,
Front-Flash-Camera-1.09,,
Photo-Compress---Image-Resize-3.11,,
Galaxy-S23-Ultra-Launcher-8.7,,
HD-Digital-Camera-1.6,,
Flickr-4.17.10,,
LOCKED-Vault---Hide-Photos-1.5.0,,
Vinci-‚Äì-AI-photo-filters-2.3,,
Photo-Studio-Pro-3.0.5,,
Auto-Stamper‚Ñ¢--Date-Timestamp-3.18.2,,
Calculator-Lock--Gallery-Vault-2.1,,
Bluetooth-Remote-Camera-1.5.1,,
Gallery---Photo-Gallery-Album-23.2,,
GCamera--Advanced-GCam-1.9,,
Beauty-plus---Plus-camera-2.0.3,,
Gallery---Photo-Gallery--Album-1.8.0,,
FairEmail--privacy-aware-email-1.2091,,
Teo---Teal-and-Orange-Filters-3.1.1,,
Yahoo-Mail-Go--Organized-Email-7.8.0,,
Eye-Candy---Selfie-Camera-1.10,,
jpg-converter-27,,
Pixtica--Camera-and-Editor-2023.3,,
Photo-Gallery-for-Wear-OS--And-1.0.210304,,
Photo-Manager---Lock-photos-0.45,,
Feiyu-ON-3.2.62,,
Gallery---Photos-&-Videos-4.7,,
MobiDrive-Cloud-Storage-&-Sync-2.12.5651,,
HD-Camera--Full-4K---1.0.3,,
Bimostitch-Panorama-Stitcher-2.9.24.1-lite,,
Gallery-2.0.0,,
üñºÔ∏èGallery-1.12,,
GPS-map-video-camera-1.2,,
Timer-Camera-20.20.50,,
Smart-HD-Camera-&-Filters-3.1.0_smart,,
S22-Camera---Camera-for-S22-1.2.18,,
Camera-Roll---Gallery-v1.0.6,,
celebrate--share-photo-&-video-21.4.1,,
Gallery-Plus-5.3.9,,
Gallery-23.0,,
Cinema-4K-2.4.4,,
Camera-Timestamp-3.75,,
UHD-DSLR-Camera-4k-1.6.2,,
Whistle-Camera---Selfie-&-More-1.5.0,,
Gallery--Photo-Gallery-&-Album-2.0.1,,
HD-Camera--Professional-Camera-1.6.4,,
Smash--File-transfer-1.3,,
iPhoto---Gallery-iOS-16-1.1.5,,
Image-Analysis-Toolset---IAT-0.3.3,,
Polaroid-Zip-6.3,,
Focus---Picture-Gallery-1.3-Beta2.1,,
Remix-Photo-Editor---Pic-Colla-12.0,,
FitPix---Photo-&-Video-Vault-1.3.2,,
Camera-Auto-Timestamp-3.14,,
Sweetgram---Filter-effect-in-trendy-style-1.0,,
Gallery---Photo-Gallery-1.2.9,,
Photo-Remover-2.2.4,,
Owlfiles---File-Manager-12.4.2,,
Galaxy-S23-Ultra-4k-Camera-Pro-1.0.3,,
Material-Files-1.5.2,,
DSLR-Camera-Pro---Magic-Editor-1.0.0,,
Calculator-Lock-App--Applock-1.4.1,,
Gallery-Lite---Photos--Videos-1.3.1,,
Camera-for-OPPO---Photo-Editor-2.0,,
Nice-OS14-Camera---i-OS14-Cam-1.9,,
Timestamp-camera--Date-stamp-1.3,,
Gallery-1.7,,
1Gallery-Photo-Gallery-&-Vault-1.0.7-7.130123,,
Wecam---selfie-retouch-&-edit-1.0.4214,,
HD-Camera---Beauty-Selfie-Cam-1.1.10,,
Boots-Photo-5.6.4,,
Gallery---Simple-Gallery-1.0,,
Beauty-Selfie-Camera-2.0.4,,
Timestamp-Camera---Date--Time-2.1,,
GeoTag-1.5.5,,
Geotagging-app--location-on-picture-photo-stamp-2.5,,
Selfie-Camera-For-iphone-14-1.1,,
Gallery-Pro-3.1,,
ULTRA-HD-CAMERA-4K-11.1,,
Candy-Camera-Sweat-2018-1.0,,
HD-Gallery-2.0.0,,
Gallery-for-iPhone-3.4,,
Gallery-HD-1.1,,
Gallery-1.0.2182,,
PicTools-batch-image-editor-1.9.2,,
Photo-Resize---Compress--Crop-1.1.1,,
Shareall--File-Transfer--Share-1.1.0,,
ToonMe--cartoon-yourself--sketch-&-dollify-maker-0.9.3,,
Proton Drive Cloud Storage_1.1.2,,
Polaroid-SnapTouch-6.4,,
Gallery-iPhone-13--iOS-Gallery-1.5,,
Gallery---Photos-Galary-1.0.8,,
Memoria-Photo-Gallery-1.0.2.5,,
DeepFace---AI-Face-Editor-2.03.04,,
Camera-for-Oppo-Reno-6---Selfie-Expert-Camera-1.6,,
HD-Gallery---Photo-app-1.0,,
S10-Camera-4.2,,
Shot-On-Stamp-for-Mi-Photos-1.0.10,,
Photo-Gallery-HD-1.1,,
Pro-4K-Camera-for-Phone-1.0.0,,
Razer-Camera-for-Razer-Phone-2-2.8.613,,
Gallery-EZ-1.112,,
ShotOn-for-Mi--Photo-Watermark-1.2.5,,
ON1-Photo-RAW-for-Mobile-17.0.12899,,
LMC8.4-8.4_R16_Snapcam,,
Background-Camera-3.7.4,,
Self-camera-20.19,,
camera-1080p-full-hd-3.4.8,,
PhotoGrid-&-Collage-Maker-1.13,,
HD-Camera-2023-for-Android-1.2.1,,
üî•camera-huawei-mate-20-pro-selfie-huawei-mate20-8.5,,
Galaxy-A7-Camera---Triple-camera-2.0,,
OTG-Endoscope-1.01.013,,
Photo-Editor-Plus-1.1.9,,
Triple-Camera---48-HD-X-Camera-2019-1.1,,
Calculator#-Lock-Hide-Gallery-1.1.5,,
Gallery---Photo-Gallery--Vault-8.0,,
Gallery---Show-Hidden-Images-1.4.6,,
QuickPic-3.16,,
Shot-On-Camera--ShotOn-Stamp-1.1.5,,
Gallery---photo-viewer-5.2,,
-Hide-Photo-Vault--&Videos--1.0.5,,
camera-for-samsung-Galaxy-j7-230.05.24,,
Calculator-Lock-‚Äì-HideZ-1.0.4,,
Geotag-Photo-GPS-Coordinate-2.2,,
HD-Camera-Pro-for-Android-1.57,,
selfer---timer-camera-1.0.13,,
Camera-for-iphone-14-Camera-HD-1.0.80,,
Samsung-galaxy-S22Ultra-Camera-1.10,,
Gallery-1.1.8,,
S-Camera-for-S20-camera-v2023-2.6,,
Colorrr---AI-Color-Old-Photos-1.1.1,,
Calculator-Lock-Photo--Video-51,,
SuperImage-1.4.0,,
Makeup-Photo-Editor-2.1.5,,
TimeStamp-Camera-1.6.5,,
Icedrive #Secure Cloud Storage_2.5.3,,
Gallery---photos-gallery-1.0,,
Gallery-Safe-2023.05.02,,
Gallery---Photo-Gallery-Album-1.0,,
Calculator-Lock---Hide-Photo-2.6,,
HUAWEI-Email-V13_20230721_b1,,
FlipCam-1.6,,
Mail-Master-7.15.1,,
Camera-iphone-14-Pro-Max-OS16-6.0.1,,
Galaxy-S22-Ultra-Zoom-Camera-1.0.2,,
moru-1.6.0,,
LOWER---Low-Resolution-Camera-1.0.6,,
Gallery---Photo-Gallery-3.0,,
Vivid---AI-Photo-Enhancer-1.6.7,,
Gallery-for-Samsung-1.0,,
Watermark-Stamp--Text-on-Photo-1.3.3,,
iCamera--Camera-iOS-Style-1.0.3,,
Photo-Gallery-&-Photo-Editor-1.2.4,,
Private-Gallery---Photo-Vault-1.1.3,,
Camera-Oppo-Reno4-‚Äì-Selfie-Expert-for-Oppo-Reno4-1.2.2,,
HD-Camera--free-Portrait--1.0.2,,
Full-Screen-Pic-Picture-Viewer-8.2,,
MyAlbum---Photo-Video-Sharing-5.2.13,,
Photographer-4K-HD-Camera-2.2,,
AI-Gallery-1.1.5,,
Camera---HD-Camera-1.1.2,,
DateCamera2--Auto-timestamp--1.4.4,,
PhotoGuard-Photo-Lock-Vault-3.0.2,,
YouPic-2.3,,
Private-Gallery---Photos-Vault-36.0,,
Beauty-Selfie-Camera-2.0.5,,
Camera-huawei-p20-pro-Selfie-huawei-p20-pro-6.6,,
Gallery-2.2.12,,
Photo-IOS---Gallery-IOS-15-9,,
Reface-Ultra-1.0,,
Tiny-Png-Image-Compressor-3.0,,
Open-Camera-1.51.1,,
ProCam-7-1.11,,
Camera-for-Galaxy-S23-Ultra-HD-5800.5.8.0,,
Auto-Camera-1.23,,
QuickPic--Gallery-Photo-Editor-3.6.6.1,,
Portrait-Photo-Snap-Camera-2.3,,
Frameshot-1.3.12,,
Golden-Ratio-Camera-2.0,,
Gallery---HD-Videos-&-Photos-1.1,,
HD-Gallery---Photo-&-Video-1.0,,
Gallery---Photos-&-Videos-1.1,,
Auto-Timestamp-Camera---Date--1.5,,
Camera--5G-2023.2,,
Photo-Compare-1.0.41,,
Camera-MX-1.0.1,,
Gallery---HD-Gallery-Album-1.0,,
ComicMe-‚Äî-comics-photo-editor-1.0.24,,
Gallery---HD-Photo-Gallery-1.0,,
Verizon-Capture-3.2.0,,
PhotoVault-Hide-pics-and-video-1.8.2,,
Gallery---Photo-Collage-Book-1.1,,
Camera-for-OPPO---OPPO-Camera-2.1,,
Galaxy-S23-Ultra-4k-Camera-1.0.4,,
Camera-for-iphone-14-pro-max-11.0,,
Gallery-‚Äì-Photos-&-Videos-1.1,,
HD-Gallery-1.0,,
Gallery---Photo-Video-Gallery-9.0,,
DoMyShoot--Product-Photo-Shoot-8.9.0,,
IPhone-Gallery-1.4,,
Camera-For-Galaxy-A50---Galaxy-A50-Camera-1.8,,
Camera-for-Huawei-Y9---Y9-Prime-2.5,,
Gallery---HD-Gallery-Album-1.14,,
S9-Plus-Camera-3,,
Awesome-Camera-1,,
Camera-IPhone-13-Pro-Max-App-1.1,,
Aves-Gallery-1.8.9,,
Selfie-Studio--Flash-Camera-1.0.1,,
Heart-Frames-‚Äì-Love-Photos-2.9,,
Moments-Stamp-Custom-Camera-1.1.5,,
TPS-Mobile-5.0,,
Gallery---Photo-Gallery--Album-1.11,,
Galaxy-S22-Ultra-Zoom-Camera-1.0.3,,
iPhoto---Gallery-iOS-Style-1.0.1,,
Galaxy-S23-Ultra-Camera-1.0,,
Camera-for-Galaxy-S22-HD-Ultra-1.2,,
Photo-Analyzer-2.0.0,,
Right-Gallery-4.0.2,,
picPics--Tag--organize-and-sec-1.7.0,,
Air-Camera--Photo-Editor--Collage--Filter-1.9.5.1018,,
üî•Camera-Xiaomi-Redmi-K20---Selfie-Xioami-K20-Pro-7.9,,
HeyPic-Secret-Photo-Vault-2.0.4,,
Candy-Camera-Selfie-2018-2.0,,
16-Megapixel-HDr--Camera-1.1,,
Camera-for-Galaxy-A20---Samsung-A20-Camera-1,,
Selfie-Camera-2018-5.5,,
HD-Camera-16-Megapixel-1.0,,
Gallery---Photo-Gallery-&-Video-Gallery-1.10,,
Camera-For-Mi---Xiaomi-Mi-12-1.0.4,,
Photo-Gallery--Photo-Edit-&-Private-Photo-Vault-1.1,,
Redmi-K20-Pro-Camera-‚Äì-Xiaomi-Mi-Camera-1.1,,
Selfie-Camera-for-iPhone-14-4.0,,
Camera-iphone-14-Pro-Max-4.0,,
CM-FILE-MANAGER-2.7.8,,
Gallery---Photo-Gallery-App-1.0,,
Camera-for-Galaxy-S23-Ultra-4K-122,,
Gallery-iOS--Photos-&-Videos-1995998.2,,
Calculator-Lock---Calc-Vault-1.0.15,,
Photo-Forensics---Analyze-Images-10.0,,
Triple-Camera-For-Samsung-Galaxy-A7-new-2019-230.05.25,,
Camera-for-Galaxy-S23-Ultra-4k-5000.0.0,,
Camera-2019-1.53,,
DSLR-Open-Camera---fv-5-HD-Camera-Lite-üì∑-1.2,,
HD-Camera-4K---Perfect-Selfie-Camera-üì∑-2.0,,
Photo-Grid-8.55,,
World-Painter-2.0,,
[Free]-Simple-GIF-Wallpaper-1.3.19,,
Camera-For-Sasmung-S22-Ultra-2.0,,
Sihireca-1.5,,
extra-zoom-camera-1.1,,
S22-Ultra-Pro-Camera-Galaxy-1.0,,
Fast-Camera---Burst-HD-Camera-1.5,,
Photo-Editor-2018-2.0,,
Photo-Forensics---Analyze-Images-3.0,,
Mi-11-Camera---Camera-for-Xiaomi-2021-1.2.2,,
ReDitor-1.1.1,,
Shecam-1,,
Cortex-Camera-1.01,,
Photo-Styler-1.2.2,,
Camera-For-Samsung-Galaxy-S9-S9--Pro-01.01.2019,,
DSLR-HD-Camera-Pro-1.1.1,,
Photo-Gallery-OS-10-style-1.1,,
B216-Selfie-Beauty-Camera-2.1,,
üî•Camera-Huawei-P30-Pro---Camera-Huawei-P30-Plus-9.7,,
AOSP-Gallery-speed.full,,
Tinypng-1.1,,
faceLIGHT-Selfie-Selfies-Flash-2.3,,
Halloween-Camera-Frames-2.1,,
PrivateCam-Private-camera---encryption-8.0-180418,,
Beauty-Art-Photo-editor--Free-photo-editing-apps-1.0.3,,
Calculator-Lock--Photo--Video-locker--Safe-Browser-1.0,,
HD-Camera-For-iphone7-Plus-30.04.24,,
#SquareDroid--Full-Size-Photo-for-Instagram-and-DP-2.3.7,,
Camera-for-iPhone-X-1.4,,
BestCam-2018-1.0,,
iSnap-1.0,,
HUJI-cam-pro-3.0,,
Teen-Cam-Photo-Sharing-6.0,,
Insta-saver-2.0,,
Camera-style-Samsung-Galaxy-S7-1.2,,
Brazzerfy-1.9,,
Photo-editor-Lunapic-0.02,,
camera-zoom-moon-1.06,,
NMAP-1.1,,
Pholder--Gallery-&-Camera-2.3.2,,
ICamera-14---S22-Ultra-Galaxy-1.0.5,,
S10-Camera-1.0,,
InstaBig---View-Large-Profile-Pics-For-Instagram-1.1,,
AppFace--Face-app--Face-Editor--Gender-Changer-1.0,,
LG-File-Manager-9.10.5,,
GEAK-Camera-1.0.16118,,
Sweet-Selfie-2018-2.0,,
Camera-Sony-28.03.22,,
Candy-Camera-2019-7.7,,
Gallery-Camera-1.0,,
Snapi-1.2.1.150319,,
YI-Action-Camera-3.9.4,,
Portrait-hd-camera-1.0,,
Iphone-Gallery---IOS-14-1.1,,
camera-for-galaxy-S9-S9-plus---sweet-selfie-4K-1.5,,
Resident-Evil-2--2019--Wallpaper-8,,
Iphoto-for-android-9.0,,
Z-Camera-PRO-30.04.24,,
Galaxy-Camera---A9-1.0.21,,
My-Camera-0.1,,
S9-Camera---Samsung-Galaxy-S9-Camera-1.2,,
HD-Camera-Pro-2017-1.5.6,,
Selfie-Camera--Beauty-Camera--Photo-Editor-Collage-1.7.16.2,,
Gallery-5.0,,
iPhoto---Photo-Editor-for-Samsung-Note-10-1.0.3,,
iGallery-‚Äì-iPhoto-OS-11-1.0,,
Vintage-Disposable-Camera-1.0.4,,
Touch-Retouch---Remove-Content-from-Photo-1.0.0,,
File-Transfer-App-1.0,,
PhotonCamera-Beta-0.72,,
Samsung-Camera-13.1.01.28,,
Picfree-Photo-Editor-1.0.10,,
DigiCam-6.0844,,
SquareIt-0.7.3,,
Camera-For-iPhone-20-Pro-Max-26.0.0,,
Cute-Doggy-Face-Camera-1.0,,
Gallery---Photo-Vault-&-Album-1.0.3,,
KiraKira-‚ú®---Glitter-Camera-Effect-1.0,,
Camera-for-OPPO---HD-Camera-1.2,,
Gallery-3D---Photos-&-Videos-3.0.0,,
Camera-For-Galaxy-Z-Fold-4-65.0.0,,
Galaxy-S22-Ultra-Camera-1.0,,
instacam---camera-selfie-plus-7.2,,
Cinema-FV-5-Pro-4.0,,
Lunar-Eclipse-Camera-5.0.1,,
